Symptom,Metabolite,beta_int,SE,p_value,OR_int,OR_CI_low,OR_CI_high,N_used,note,p_FDR,Direction
deprGainWeight,GlycA,-0.0878123082500429,0.009489178854873173,2.1636301212230355e-20,0.9159327736161298,0.8990549716693489,0.9331274195908412,82126,NA,1.4950684137651175e-17,negative
deprGainWeight,L_HDL_PL_pct,-0.07944793977739784,0.009126896503226295,3.1809497078321372e-18,0.9236261028975096,0.9072505225446108,0.9402972572128703,81919,NA,1.0990181240560035e-15,negative
deprGainWeight,LA_pct,0.07844309289245192,0.009821785071928652,1.3866267999594608e-15,1.0816018025808,1.0609793473263307,1.1026251003792777,82144,NA,3.193863729239958e-13,positive
deprGainWeight,XL_HDL_FC_pct,-0.06944030841401844,0.009099497610062004,2.3253446467218396e-14,0.93291581894738,0.9164247474165356,0.9497036474580004,81791,NA,4.017032877211978e-12,negative
deprGainWeight,L_HDL_C_pct,0.07072513810947802,0.009565543590103347,1.427558902413743e-13,1.0732861798532967,1.0533511703594365,1.0935984658098434,81805,NA,1.972886403135793e-11,positive
deprGainWeight,L_HDL_CE_pct,0.07010589076903763,0.009596474344976656,2.7648444752754906e-13,1.0726217559834803,1.0526352701805066,1.0929877270897386,81909,NA,3.1841792206922737e-11,positive
deprGainWeight,M_HDL_PL_pct,-0.06769439518711538,0.009416937017228375,6.54691280136689e-13,0.9345460317061735,0.9174551420558668,0.9519553004200978,82036,NA,6.462738208206458e-11,negative
deprGainWeight,Omega_6_pct,0.06799520871723798,0.009694060291230027,2.314166838222743e-12,1.0703601800682085,1.050214942693015,1.0908918436618888,82138,NA,1.9988616065148942e-10,positive
deprGainWeight,PUFA_by_MUFA,0.06839878051770523,0.010206693429738832,2.0648123059033812e-11,1.0707922344298415,1.0495837546139628,1.0924292647202518,82155,NA,1.585317003754707e-9,positive
deprGainWeight,MUFA_pct,-0.06459407147229668,0.00975362803297599,3.530099640262463e-11,0.9374479230076554,0.9196968423594547,0.9555416174930098,82153,NA,2.4392988514213615e-9,negative
deprGainWeight,PUFA_pct,0.06139378663448022,0.00960554769647177,1.6427427679352954e-10,1.0633175519949827,1.0434858769640718,1.0835261323038796,82130,NA,1.0319411387666266e-8,positive
deprGainWeight,XL_HDL_PL_pct,0.06139051745900852,0.009698621379088002,2.4544901865236437e-10,1.0633140758290052,1.0432921263116008,1.0837202690806114,81754,NA,1.413377265739865e-8,positive
deprGainWeight,TG_by_PG,-0.05993922482880349,0.009641509375401543,5.07432905912006e-10,0.9418217712243001,0.9241909404273079,0.9597889461478085,82057,NA,2.697201061424586e-8,negative
deprGainWeight,XXL_VLDL_L,-0.05834743489878607,0.009456858546473419,6.835315322182458e-10,0.9433221474606945,0.9259983023528696,0.9609700920928461,81764,NA,3.3737163483057704e-8,negative
deprGainWeight,XL_HDL_CE,0.06966989771242761,0.011318859779590858,7.498063483877064e-10,1.0721542022779935,1.0486304008102763,1.0962057103953227,82100,NA,3.454107911572701e-8,positive
deprGainWeight,XXL_VLDL_P,-0.058048967097308474,0.009477500824469942,9.072721216766804e-10,0.9436037407693096,0.9262372490140186,0.9612958456827927,81790,NA,3.88192668475224e-8,negative
deprGainWeight,VLDL_size,-0.059200105659642545,0.009678360188954474,9.550326141937493e-10,0.942518147070011,0.9248074811388507,0.9605679837952257,82153,NA,3.88192668475224e-8,negative
deprGainWeight,HDL_size,0.06538735556713722,0.010768351181779597,1.2618618628767365e-9,1.06757247444423,1.045276440974569,1.0903440884292397,82150,NA,4.844147484710138e-8,positive
deprGainWeight,XL_HDL_C,0.06792122536111987,0.011319331429726917,1.9675611851366783e-9,1.0702809941590878,1.0467973244715987,1.0942914924208373,82094,NA,6.776356253200085e-8,positive
deprGainWeight,XXL_VLDL_TG,-0.056277334782919804,0.009382438235711126,1.995698928741803e-9,0.9452769413589142,0.9280525564212951,0.9628210058603969,81750,NA,6.776356253200085e-8,negative
deprGainWeight,XL_HDL_PL,0.06831591479888786,0.011399185312716024,2.0593846789754236e-9,1.070703506137949,1.0470466759837431,1.094894835494322,82086,NA,6.776356253200085e-8,positive
deprGainWeight,Val,-0.05678584030147505,0.009534295075579142,2.585561680620569e-9,0.9447963850108028,0.9273047130386582,0.9626180009421218,82083,NA,8.121014187767332e-8,negative
deprGainWeight,XL_HDL_L,0.06753121203673638,0.011361936171597106,2.787683835426907e-9,1.0698636517003814,1.0463017637865837,1.0939561346884463,82086,NA,8.375171870782577e-8,positive
deprGainWeight,L_HDL_CE,0.06571923807277498,0.011109260947820842,3.3043398230220893e-9,1.067926841872921,1.0449249729456527,1.0914350495210028,82131,NA,9.513745073784433e-8,positive
deprGainWeight,XL_VLDL_PL,-0.056105765440609814,0.009698769247786697,7.258417802402665e-9,0.9454391358154443,0.9276364743521207,0.9635834556373386,81933,NA,1.963640241913371e-7,negative
deprGainWeight,L_HDL_C,0.06427043406393992,0.01111896539530153,7.458833245818924e-9,1.0663807454490637,1.0433923313334568,1.089875648991208,82128,NA,1.963640241913371e-7,positive
deprGainWeight,L_VLDL_TG,-0.05675358159931397,0.009826616687613749,7.672689801976992e-9,0.9448268634075838,0.9268034626395919,0.9632007624077668,81953,NA,1.963640241913371e-7,negative
deprGainWeight,XXL_VLDL_PL,-0.054493388706729005,0.009470504524360546,8.715040032037628e-9,0.9469647694989379,0.9295491665021093,0.9647066631737353,81779,NA,2.1476382034394266e-7,negative
deprGainWeight,XL_VLDL_TG,-0.05587818660717797,0.009720778983713102,9.013242821959967e-9,0.9456543222360624,0.9278075831716326,0.9638443502550242,81905,NA,2.1476382034394266e-7,negative
deprGainWeight,XL_VLDL_FC,-0.055872600141829654,0.009766777860280606,1.0609923791400282e-8,0.9456596051159214,0.9277291205657028,0.9639366372402958,81953,NA,2.443819113285865e-7,negative
deprGainWeight,XL_VLDL_L,-0.055339167798204816,0.00973602179255616,1.3161033111681432e-8,0.9461641851030274,0.9282800900951149,0.9643928322107477,81938,NA,2.9336367355393124e-7,negative
deprGainWeight,XL_VLDL_P,-0.05503509907149502,0.00969878309157035,1.3914840823199594e-8,0.9464519277866088,0.9286301702076216,0.9646157106986014,81942,NA,3.004735940259662e-7,negative
deprGainWeight,XXL_VLDL_FC,-0.05293296446624043,0.00947768008283182,2.33683017949821e-8,0.9484435897735869,0.9309876962427038,0.9662267789499347,81803,NA,4.893180769797766e-7,negative
deprGainWeight,XL_HDL_P,0.06265347577717256,0.011242861293852123,2.507722694072666e-8,1.0646578455698636,1.041453639619962,1.0883790550168793,82071,NA,5.096577592953565e-7,positive
deprGainWeight,L_HDL_P,0.06123922640894183,0.01102649460363882,2.7948456434838614e-8,1.0631532180943968,1.0404229331588957,1.0863800951721727,82119,NA,5.517823827563853e-7,positive
deprGainWeight,XXL_VLDL_C,-0.05252564617492049,0.009476674750008192,2.9797202259197475e-8,0.9488299868839499,0.9313688170161575,0.9666185162763277,81835,NA,5.719407433640404e-7,negative
deprGainWeight,M_HDL_C_pct,0.053588417728497734,0.00972198683828923,3.546076003648379e-8,1.0550502727922535,1.0351365221996258,1.0753471201592302,82055,NA,6.622536536543325e-7,positive
deprGainWeight,Albumin,0.05389569194895416,0.009786466778141389,3.646574646049033e-8,1.0553745123550464,1.0353237886449322,1.0758135508375137,82132,NA,6.63100810636811e-7,positive
deprGainWeight,L_LDL_FC_pct,0.052251977700626374,0.00955159877732899,4.487792159965633e-8,1.0536412031545352,1.0340993390947704,1.073552359057446,81983,NA,7.868616881749846e-7,positive
deprGainWeight,XXL_VLDL_CE,-0.052377700409740074,0.009579188875610836,4.554915705788623e-8,0.9489703726468691,0.931319472614264,0.9669558026459599,81880,NA,7.868616881749846e-7,negative
deprGainWeight,L_VLDL_FC,-0.0542721446336327,0.009967730331071286,5.1868111623331345e-8,0.9471743030197908,0.9288491835989754,0.9658609558388334,82022,NA,8.74167442237121e-7,negative
deprGainWeight,L_VLDL_P,-0.05379990291705289,0.009893666778610683,5.393875233178397e-8,0.9476217038709074,0.9294228379882358,0.9661769185604712,81987,NA,8.864670331792477e-7,negative
deprGainWeight,VLDL_TG,-0.05236174591492102,0.009636287662399113,5.516365040044523e-8,0.9489855131105419,0.9312301082981769,0.9670794533689172,81948,NA,8.864670331792477e-7,negative
deprGainWeight,L_VLDL_L,-0.05382483333243757,0.00992184614797484,5.7993206447021864e-8,0.9475980795626855,0.9293483366000296,0.9662061952743813,81997,NA,9.107569467020934e-7,negative
deprGainWeight,Gly,0.058125014532474296,0.010823935109747074,7.871716207067787e-8,1.0598474837663259,1.0375997382107234,1.0825722554468196,82058,NA,1.2087457553519647e-6,positive
deprGainWeight,XL_HDL_TG_pct,-0.050298005458452665,0.00939626772546098,8.651882772331131e-8,0.9509459951738128,0.933593005317091,0.9686215305672433,81676,NA,1.2996632599306112e-6,negative
deprGainWeight,L_VLDL_PL,-0.05219022368767478,0.009905300983099106,1.3722986539730076e-7,0.9491482991796905,0.9308988878033688,0.9677554733806817,82003,NA,2.017570999777337e-6,negative
deprGainWeight,L_HDL_L,0.0575811195060879,0.011009853130747359,1.6954438593528853e-7,1.0592711947257554,1.0366577201131109,1.0823779558148667,82124,NA,2.440732722526758e-6,positive
deprGainWeight,XL_HDL_FC,0.05755262400408377,0.011188960174017302,2.693834876182961e-7,1.0592410106913597,1.0362643361989017,1.0827271377938235,82079,NA,3.7988569376376038e-6,positive
deprGainWeight,XL_VLDL_C,-0.0513535085099834,0.009994957720938986,2.777642500006866e-7,0.949942798305881,0.9315144041729612,0.9687357662004055,82029,NA,3.829163746714151e-6,negative
deprGainWeight,M_LDL_FC_pct,0.05017091511653461,0.009770980287520943,2.8261555872998803e-7,1.051450789853699,1.0315059210578685,1.0717813062577126,82045,NA,3.829163746714151e-6,positive
deprGainWeight,L_HDL_FC,0.056741287506190126,0.011082952964539995,3.0603771012564115e-7,1.0583819583367085,1.0356390747540984,1.0816242811218948,82118,NA,4.066770340323424e-6,positive
deprGainWeight,Total_BCAA,-0.04905035017240372,0.009606682651711775,3.2929823492570946e-7,0.9521331884214008,0.9343731071761822,0.9702308441145723,82031,NA,4.293303402521986e-6,negative
deprGainWeight,M_HDL_CE_pct,0.04921915850571844,0.009672323553163407,3.606039324704837e-7,1.0504505406858924,1.0307239344521253,1.07055468641447,82050,NA,4.61439476550193e-6,positive
deprGainWeight,Total_TG,-0.04891589674438782,0.009634953141472178,3.8360010140730814e-7,0.9522612145990982,0.9344469659991674,0.9704150731124078,81955,NA,4.819412183135454e-6,negative
deprGainWeight,VLDL_L,-0.04811040311330942,0.009858037399944373,1.0591242595539072e-6,0.9530285639485984,0.9347911380447447,0.9716217952190864,82012,NA,1.3068836845566961e-5,negative
deprGainWeight,MUFA,-0.047144974843412124,0.009673362985165298,1.0953268498960245e-6,0.9539490889451834,0.9360327944672491,0.9722083132966406,81999,NA,1.3278436022423735e-5,negative
deprGainWeight,L_HDL_PL,0.05225876054921199,0.010900531409809322,1.6336766082124212e-6,1.0536483498675173,1.0313758823866739,1.076401789238587,82130,NA,1.9463285108185914e-5,positive
deprGainWeight,M_VLDL_TG,-0.047646896227702185,0.009983829807700647,1.8203744720994416e-6,0.9534704016396647,0.9349939665043491,0.9723119499923264,82030,NA,2.1319978986791763e-5,negative
deprGainWeight,XL_VLDL_CE,-0.04785579770696407,0.010170543565329891,2.534514863698936e-6,0.9532712410655233,0.9344566299189975,0.9724646708551633,82071,NA,2.8991524205271022e-5,negative
deprGainWeight,M_VLDL_CE_pct,0.04667450771432425,0.009923679506209473,2.5593096621150977e-6,1.0477809089669925,1.0275980574561465,1.0683601678981842,82157,NA,2.8991524205271022e-5,positive
deprGainWeight,L_VLDL_C,-0.04725668161237143,0.010064437317428104,2.6606965562783088e-6,0.9538425323263642,0.9352111196593349,0.9728451227207238,82063,NA,2.96538922643276e-5,negative
deprGainWeight,Tyr,-0.04632562327390954,0.009892513918386579,2.8284872661654152e-6,0.9547310289265661,0.93639774591134,0.9734232505099212,82062,NA,3.1023566681274636e-5,negative
deprGainWeight,VLDL_PL,-0.046222955791555866,0.009950855379623551,3.398724756437516e-6,0.9548290537895279,0.9363868071812073,0.9736345225805552,82055,NA,3.6695606354661306e-5,negative
deprGainWeight,S_HDL_TG,-0.04538645889970027,0.010000256548311394,5.664788413294973e-6,0.955628099478301,0.9370796811915343,0.9745436624464072,82064,NA,6.022105836287425e-5,negative
deprGainWeight,XS_VLDL_CE_pct,0.043482687446086764,0.009704693346939127,7.443930154070783e-6,1.0444419121985886,1.0247631251679037,1.0644985959836437,82095,NA,7.793569297671077e-5,positive
deprLostWeight,GlycA,0.041778276058210176,0.009411032795873313,9.02573680507095e-6,1.042663269709301,1.0236069876034575,1.0620743187248036,82126,NA,9.308633033289591e-5,positive
deprGainWeight,L_VLDL_PL_pct,-0.0556409916698777,0.012629546551815245,1.0548139908536037e-5,0.9458786532577725,0.9227518770235967,0.9695850520235337,81974,NA,1.071877158352706e-4,negative
deprGainWeight,IDL_FC_pct,0.041492117008263406,0.009455182061440127,1.142433675528509e-5,1.0423649448648393,1.0232255689469534,1.0618623217178498,82077,NA,1.1440893765075357e-4,positive
deprGainWeight,HDL_CE,0.045856206215543545,0.01046730614094188,1.181908987254729e-5,1.0469238589892562,1.0256640804591222,1.0686243063424108,82146,NA,1.166713014561454e-4,positive
deprGainWeight,M_HDL_FC_pct,0.043198231560416474,0.009890842531010047,1.2567814535826742e-5,1.044144856801004,1.024097953953045,1.0645841814014376,82132,NA,1.2231492738389127e-4,positive
deprGainWeight,L_LDL_C_pct,0.041632656572342,0.009546096760268252,1.2933747372639031e-5,1.0425114486743512,1.023187041908615,1.062200825559481,82035,NA,1.2412804770129958e-4,positive
deprGainWeight,XL_HDL_C_pct,-0.039972439330295755,0.00922570668574495,1.472757984085741e-5,0.9608159195176177,0.9435982137803476,0.9783477943435166,81843,NA,1.394076393155133e-4,negative
deprGainWeight,L_HDL_TG_pct,-0.040917297018532285,0.009461751513445667,1.5288167808665638e-5,0.9599085139611472,0.9422710282865603,0.9778761391514178,81853,NA,1.427584318349724e-4,negative
deprGainWeight,VLDL_FC,-0.043441460619290474,0.01007338799810812,1.614207038384585e-5,0.9574886032402797,0.9387695025537875,0.9765809635283652,82068,NA,1.4872227513649974e-4,negative
deprGainWeight,S_LDL_TG,-0.04182898111016514,0.009768565382573022,1.8522233380203502e-5,0.9590337794409067,0.9408464132339953,0.9775727229986924,81914,NA,1.6840609560158713e-4,negative
deprGainWeight,M_VLDL_C_pct,0.04231413320071734,0.009910767865299049,1.9590191912817808e-5,1.0432221379930124,1.0231529921022198,1.0636849401794863,82157,NA,1.758028910617806e-4,positive
deprGainWeight,HDL_C,0.04427846324397121,0.010502940291423866,2.4887667553369337e-5,1.0452733845835347,1.0239756021138529,1.0670141420002652,82141,NA,2.2047920870997708e-4,positive
deprGainWeight,M_LDL_CE_pct,-0.04218166198207045,0.010037698115749692,2.641883704750536e-5,0.9586956062085074,0.9400186624086546,0.9777436365023336,82130,NA,2.3108122025096463e-4,negative
deprGainWeight,S_HDL_FC_pct,0.043191789101927815,0.010326124482150435,2.8798048660948952e-5,1.0441381299627768,1.023218022634099,1.0654859573676871,82018,NA,2.4874314530894657e-4,positive
deprGainWeight,SFA,-0.0400581434859452,0.009645147700344577,3.278704247283813e-5,0.9607335771290937,0.9427419959592536,0.9790685152241353,82006,NA,2.797018067744586e-4,negative
deprGainWeight,Ile,-0.04008156039741744,0.009702077572664846,3.608198122030008e-5,0.9607110799793775,0.942614734888011,0.9791548392300451,82065,NA,3.040566954052117e-4,negative
deprGainWeight,Total_FA,-0.03983668650641108,0.00967065402247485,3.799634875652918e-5,0.9609463618456824,0.9429036566864797,0.979334318831149,82076,NA,3.163310480814659e-4,negative
deprGainWeight,Gln,0.04106191172179641,0.010023268597267007,4.1915595165075454e-5,1.0419166103999737,1.0216472802669616,1.062588081029003,82021,NA,3.4480566975079926e-4,positive
deprLostWeight,M_HDL_CE_pct,-0.03871617042598695,0.009576891332524616,5.28469336685575e-5,0.9620237211830627,0.9441342797660044,0.9802521314534643,82050,NA,4.2961448429380274e-4,negative
deprGainWeight,Leu,-0.038944943745661285,0.009711959223247498,6.071908517120234e-5,0.9618036609956718,0.9436684584225367,0.9802873817050584,82051,NA,4.878707889918699e-4,negative
deprGainWeight,XS_VLDL_C_pct,0.03856839648137759,0.009678575926400252,6.750152139489495e-5,1.0393218118819765,1.0197916968494458,1.0592259497609007,82108,NA,5.361327733778438e-4,positive
deprGainWeight,S_HDL_TG_pct,-0.03952919957168164,0.009937034967376053,6.950694499276294e-5,0.9612418857294639,0.9427013126845452,0.9801471053959673,82064,NA,5.457874885227181e-4,negative
deprGainWeight,L_VLDL_CE,-0.04050816229296418,0.010205245032277056,7.206976023755209e-5,0.9603013262186654,0.9412839395566188,0.9797029338158147,82088,NA,5.595528575747022e-4,negative
deprGainWeight,M_VLDL_L,-0.03962932131694322,0.010132086087947112,9.181217739513512e-5,0.9611456493320045,0.9422466425671875,0.9804237208135962,82084,NA,7.049134953337596e-4,negative
deprGainWeight,M_HDL_TG_pct,-0.03841498970481341,0.009843131552582825,9.511758226481899e-5,0.962313507818078,0.9439259794147794,0.981059222359014,82065,NA,7.222664763185706e-4,negative
deprLostWeight,L_HDL_CE_pct,-0.03752031384416914,0.009632108921030497,9.806214049542254e-5,0.9631748517382465,0.9451617072642583,0.9815312955348234,81909,NA,7.365319465471411e-4,negative
deprGainWeight,M_VLDL_TG_pct,-0.03850080070500192,0.009915382495923244,1.0320252190321974e-4,0.962230934276387,0.9437113334877869,0.9811139678237116,82155,NA,7.668058347862886e-4,negative
deprGainWeight,LDL_TG,-0.03828836610653535,0.009885005385010486,1.0733698429740381e-4,0.9624353671320791,0.9439680330909175,0.9812639871645376,81971,NA,7.890410228670855e-4,negative
deprGainWeight,M_LDL_TG,-0.03753599803515733,0.009827585035043676,1.3374800126069635e-4,0.9631597452383837,0.9447848355102297,0.98189202449114,81951,NA,9.728407249593808e-4,negative
deprGainWeight,L_VLDL_CE_pct,0.03940326553566514,0.010555842740018095,1.8933333249024234e-4,1.0401898718079274,1.0188900145916555,1.061935001733654,82043,NA,0.001362805549487057,positive
deprLostWeight,L_HDL_C_pct,-0.03532132154996559,0.009575446598712773,2.25368425446147e-4,0.9652951962714119,0.9473476022794375,0.9835828092060909,81805,NA,0.0016054596080751296,negative
deprLostWeight,Albumin,-0.03695759406767509,0.0100443987257773,2.3376203887307809e-4,0.963717001800516,0.9449298230485407,0.982877708910735,82132,NA,0.0016482609067479282,negative
deprWorthlessness,GlycA,0.02603156169606061,0.007149288680694285,2.7143337202875585e-4,1.0263733420457077,1.0120914737706923,1.0408567452281015,77108,NA,0.0018945501017360636,positive
deprGainWeight,L_HDL_FC_pct,0.03325561310856288,0.0091759352840828,2.8983421895262826e-4,1.0338147620754692,1.015387974100696,1.052575950815002,81689,NA,0.002002754452962661,positive
deprLostWeight,M_HDL_C_pct,-0.034669459234276286,0.009627745507877414,3.1700220601818167e-4,0.9659246409667267,0.9478681767760597,0.9843250727122257,82055,NA,0.0021687972708768666,negative
deprGainWeight,VLDL_P,-0.03637261054346506,0.01017422316125403,3.5025911378124214e-4,0.9642809252954657,0.9452422000858848,0.9837031215959194,82067,NA,0.002372833800223905,negative
deprGainWeight,XL_VLDL_CE_pct,0.04098876523745761,0.011531963606175012,3.78898295660365e-4,1.0418404006502204,1.018556181891976,1.0656568972079818,80945,NA,0.0025163543088240784,positive
deprLostWeight,M_HDL_TG_pct,0.03479995612214399,0.00979613293075344,3.817083876698439e-4,1.0354125601371926,1.0157218434875752,1.055484999720762,82065,NA,0.0025163543088240784,positive
deprLostWeight,VLDL_PL,0.035105591331030764,0.009883435184293092,3.8236932333795697e-4,1.0357290670366563,1.0158584904166619,1.0559883196572315,82055,NA,0.0025163543088240784,positive
deprGainWeight,HDL_FC,0.03733213981287193,0.010538981267001838,3.966674297132523e-4,1.0380377372477696,1.0168155527220775,1.0597028547270706,82127,NA,0.002585822584262805,positive
deprGainWeight,XS_VLDL_TG_pct,-0.033920253362475235,0.009623066384228803,4.236581944386646e-4,0.9666485885384789,0.9485872908021878,0.9850537771102069,82085,NA,0.002735960863150628,negative
deprGainWeight,S_VLDL_TG,-0.0349455263417651,0.009921080191217756,4.2773747292652116e-4,0.9656580177496863,0.947061881160399,0.9846193008018675,82030,NA,0.00273672772029839,negative
deprLostWeight,MUFA,0.033760316843860085,0.009625693027170772,4.526566317091142e-4,1.0343366639393257,1.015005426221612,1.054036073828384,81999,NA,0.0028695938762476874,positive
deprLostWeight,S_HDL_TG,0.034670314484026354,0.009910904064001528,4.684115232570446e-4,1.0352783362574587,1.015361739420686,1.0555856025612378,82064,NA,0.002942476023369253,positive
deprGainWeight,S_HDL_L,-0.03473562526006886,0.009991885786879972,5.082252866586667e-4,0.9658607316863537,0.9471292405990083,0.9849626777689786,82142,NA,0.0031638168746048532,negative
deprGainWeight,LDL_size,0.03236692298085774,0.0093233474089814,5.173686418709147e-4,1.0328964292196476,1.0141929388401163,1.0519448446513857,82058,NA,0.00319197974582859,positive
deprLostWeight,L_VLDL_PL_pct,0.042304890909482085,0.012205969573347913,5.284242129099967e-4,1.043212496274746,1.018551164472509,1.068470932383054,81974,NA,0.003231337443546971,positive
deprGainWeight,L_LDL_TG,-0.03449378722566563,0.009974132331073601,5.435460660746356e-4,0.966094341793978,0.9473912857581627,0.9851666267960476,81977,NA,0.003294652032083975,negative
deprLostWeight,VLDL_FC,0.034474383882974136,0.010002940079631713,5.680559836482729e-4,1.0350755134210283,1.0149797091684618,1.055569198877435,82068,NA,0.003413275519138753,positive
deprLostWeight,Gly,-0.03611201600827917,0.010605879368717291,6.618697611866447e-4,0.9645322443797494,0.9446889684587177,0.9847923300788403,82058,NA,0.003942689698103202,negative
deprGainWeight,XL_VLDL_C_pct,0.03930423454481918,0.011577643701134253,6.866900826243616e-4,1.0400868658747282,1.0167508002693946,1.0639585317055962,80973,NA,0.004055579889687469,positive
deprLostWeight,S_VLDL_L,0.034178831196885986,0.010141736603424024,7.513648221944601e-4,1.0347696392759218,1.014403776368028,1.0555443811545429,82068,NA,0.004399941458782813,positive
deprLostWeight,L_HDL_PL_pct,0.031086590420995337,0.009243576919340519,7.708703298977239e-4,1.0315748245176546,1.0130536442199807,1.0504346187886122,81919,NA,0.00447623023495233,positive
deprGainWeight,S_HDL_PL,-0.03310640698410717,0.009864740028289248,7.90687301965948e-4,0.9674356122061561,0.948910022868841,0.9863228769942768,82136,NA,0.004553041047153918,negative
deprGainWeight,IDL_TG_pct,-0.03163320310801886,0.009451010271646621,8.167026771190155e-4,0.9688618924427524,0.9510799189275562,0.9869763286414754,81951,NA,0.004663979751150741,negative
deprLostWeight,PUFA_pct,-0.0318398080878159,0.009600858170956912,9.120146028755102e-4,0.9686617414278483,0.9506042061284947,0.9870622949665335,82130,NA,0.005165590906450635,negative
deprGainWeight,VLDL_C,-0.033887751716888063,0.010234575189224188,9.292837668082722e-4,0.9666800067188794,0.9474818299077793,0.98626718306668415,82093,NA,0.005220610429792814,negative
deprGainWeight,M_LDL_CE,-0.033650666383429215,0.010321745874744421,0.0011134468822027995,0.9669092195410458,0.9475445844558511,0.9866696028560699,82139,NA,0.006161670951483655,negative
deprLossOfInterestEver,Albumin,-0.023577076186858184,0.0072325183566631195,0.0011146293327575353,0.9766986915567589,0.9629509412320838,0.990642714226054,80722,NA,0.006161670951483655,negative
deprGainWeight,S_VLDL_P,-0.033097345580709876,0.01019569616054761,0.0011695355203182817,0.9674443785702169,0.9483032821071352,0.9869718298848763,82064,NA,0.006413881305872482,negative
deprGainWeight,Omega_3,-0.03216352461273357,0.009927038375530961,0.0011953306617621317,0.9683482203638052,0.9496891866866227,0.9873738577073734,82008,NA,0.006503728246280575,negative
deprGainWeight,M_VLDL_P,-0.03307665146287151,0.010218919426655987,0.001208758971350929,0.967464399185343,0.9482797422082093,0.9870371811502289,82103,NA,0.006525409759402281,negative
deprGainWeight,S_VLDL_L,-0.03293013052787018,0.010227771213161905,0.0012833463478523959,0.9676061633591481,0.9484022407733089,0.9871989406174332,82068,NA,0.006874359119116322,negative
deprLostWeight,L_HDL_TG_pct,0.03037657155842536,0.009481645583815874,0.0013566265768144017,1.0308426468948153,1.0118623524150034,1.0501789696206436,81853,NA,0.007210992035221166,positive
deprLostWeight,M_HDL_PL_pct,0.029846363538285747,0.00934417491666389,0.0014026052930418925,1.030296230725848,1.0115985280097226,1.0493395291275944,82036,NA,0.007398475248030135,positive
deprLostWeight,M_VLDL_L,0.03212016373696527,0.010082095620315232,0.001443234995667324,1.0326415839217638,1.0124359475527407,1.0532504731998367,82084,NA,0.0075551165303494,positive
deprLostWeight,Omega_6_pct,-0.030726733939195006,0.009677535725444452,0.0014980672993048269,0.9697405340476988,0.9515198754106315,0.9883101001639978,82138,NA,0.007783191758042371,negative
deprGainWeight,XS_VLDL_TG,-0.031621637870652995,0.009994629763669868,0.0015569014075379358,0.9688730976253084,0.9500780762792949,0.9880399334950088,81983,NA,0.008028499049318759,negative
deprLostWeight,S_VLDL_P,0.032001590082152045,0.010139501431640123,0.0015987729241475604,1.0325191470940807,1.0122020117275312,1.053244092349091,82064,NA,0.008168601192302246,positive
deprLostWeight,S_HDL_TG_pct,0.031041332849781687,0.009846493601823415,0.0016186408166439874,1.0315281390030162,1.0118114157125793,1.0516290733937381,82064,NA,0.008168601192302246,positive
deprLostWeight,M_VLDL_P,0.032020749456481694,0.010157689581077498,0.0016195345345085496,1.032538929704433,1.0121853212627372,1.0533018202883366,82103,NA,0.008168601192302246,positive
deprGainWeight,XS_VLDL_PL_pct,-0.03136012076998222,0.01000461316170575,0.0017210850285306768,0.9691265076427996,0.9503079751391688,0.9883176953012379,82079,NA,0.008617896773294909,negative
deprLostWeight,XL_VLDL_CE,0.03146272108518872,0.010070672707105158,0.0017829371401311756,1.0319629044213663,1.0117932004269137,1.0525346836215548,82071,NA,0.008863378157054982,positive
deprGainWeight,Unsaturation,0.029950317070843863,0.009664780736313756,0.0019423188377470464,1.0304033392256704,1.0110681505608967,1.0501082848850591,82134,NA,0.009586730834880064,positive
deprGainWeight,S_LDL_TG_pct,-0.029635907209972945,0.009591776262264404,0.0020034497007823827,0.9707989301010516,0.9527185126512676,0.9892224725041323,81979,NA,0.009818324420146286,negative
deprGainWeight,M_VLDL_PL,-0.03145959327855115,0.01023505206946058,0.002114140462327508,0.9690301109924515,0.9497843735748411,0.9886658299880421,82106,NA,0.010287824362452874,negative
deprLossOfInterestEver,Omega_3_pct,0.022401402975269626,0.0073343291101150695,0.00225569805855343,1.0226541985321775,1.008058413548895,1.037461317438589,80622,NA,0.010899911597625316,positive
deprGainWeight,M_VLDL_FC_pct,0.030109308889445765,0.009973106200122164,0.0025356845967940407,1.0305671779506307,1.0106179957744912,1.050910148750326,82140,NA,0.01216776428044918,positive
deprGainWeight,S_HDL_P,-0.030553393947079916,0.010165716004769513,0.0026511590992461375,0.9699086434338432,0.9507746578853639,0.9894276933084833,82145,NA,0.012598899037714556,negative
deprGainWeight,XXL_VLDL_FC_pct,0.03675988416485559,0.012235788905692184,0.002661996034017837,1.0374438842238551,1.012859722021101,1.0626247539647522,74416,NA,0.012598899037714556,positive
deprLossOfInterestEver,Gln,-0.021852949469176725,0.007295680137944181,0.0027415054824924115,0.9783840963742297,0.9644932138952426,0.9924750389607067,80614,NA,0.012886940737430314,negative
deprLostWeight,Total_TG,0.02912055969787466,0.009747947235552704,0.0028140456273296494,1.0295487090746844,1.0100648968705166,1.0494083574644117,81955,NA,0.01313855086814046,positive
deprGainWeight,S_VLDL_FC_pct,0.03042471179113899,0.01019208674202191,0.002834571111602908,1.030892273094227,1.010502995040786,1.0516929528570944,82153,NA,0.013145561329648385,positive
deprGainWeight,HDL_L,0.0307879614112864,0.010359563532077589,0.0029592821496616834,1.0312668123423427,1.0105383583246756,1.0524204543822386,82137,NA,0.013606149952102416,positive
deprDepressedEver,Gln,-0.02129759500177051,0.007169728963732081,0.0029732686581294718,0.9789275972568431,0.9652672588890686,0.9927812549800642,80737,NA,0.013606149952102416,negative
deprGainWeight,S_LDL_FC_pct,0.02879918316078389,0.00972470530821891,0.0030619884424097337,1.0292178894374777,1.00978633680571,1.0490233679423917,81958,NA,0.013913539164877628,positive
deprLostWeight,S_VLDL_TG,0.029369433812498423,0.009923555738523923,0.003080711276738462,1.029804968985024,1.0099686235363194,1.0500309112900967,82030,NA,0.013913539164877628,positive
deprLostWeight,XL_VLDL_TG,0.028905655150683003,0.009820287480050535,0.003245623707721682,1.0293274781481665,1.009704679628708,1.0493316299776612,81905,NA,0.014533038022675181,positive
deprLostWeight,VLDL_L,0.02913345103669217,0.00990226309442765,0.0032599434059546353,1.0295619814214712,1.0097724569990734,1.0497393410181701,82012,NA,0.014533038022675181,positive
deprThoughtsOfDeath,Omega_3,0.028177083085334405,0.009591456466229567,0.003306277525883475,1.0285778120275502,1.009421938020676,1.048097208457651,77018,NA,0.014645113912727445,positive
deprGainWeight,ApoB_by_ApoA1,-0.029552189273128023,0.01016391257663827,0.0036426004381438885,0.9708802067866816,0.9517304187029606,0.9904153081654755,82120,NA,0.016032082183168324,negative
deprLostWeight,L_VLDL_CE,0.029229933256331053,0.01015702232706906,0.004004521390655075,1.0296613206388516,1.0093657562530907,1.0503649729067155,82088,NA,0.017513444816092766,positive
deprLostWeight,XL_VLDL_C,0.028404462151120902,0.009969458519597948,0.004383649232784992,1.028811715680927,1.0089037279130824,1.0491125337714278,82029,NA,0.019050953583990123,positive
deprLostWeight,VLDL_TG,0.027845414451001162,0.009782742906204676,0.004421924010292758,1.028236721596955,1.0087089424437288,1.0481425425644368,81948,NA,0.019097184319451847,positive
deprLostWeight,XL_VLDL_P,0.027907543520122792,0.009815620696321843,0.004466630718212621,1.0283006069718534,1.00870661091707,1.048275213877443,81942,NA,0.019158413759259918,positive
deprGainWeight,IDL_TG,-0.028328376624592554,0.009969855630753104,0.004491552863965422,0.9720691096127314,0.9532583758476098,0.991251037288914,81975,NA,0.019158413759259918,negative
deprLostWeight,L_VLDL_FC,0.028253532832036028,0.009966472332674434,0.004584607293930154,1.0286564495466135,1.0087573704164057,1.0489480644459201,82022,NA,0.019435359755249914,positive
deprGainWeight,M_LDL_L,-0.029221749414340352,0.010367028235251182,0.004821556309713838,0.9712010773163986,0.9516660202993623,0.9911371347311781,82143,NA,0.020237782464150107,negative
deprLostWeight,L_VLDL_L,0.028090176129564697,0.009968144972734561,0.004832466145564063,1.0284884253453532,1.0085892900587536,1.0487801640326209,81997,NA,0.020237782464150107,positive
deprLostWeight,XL_VLDL_L,0.027611674715447246,0.009827868831466134,0.004961417101383193,1.027996409903852,1.0083840023390267,1.0479902659343379,81938,NA,0.020652645885878233,positive
deprLostWeight,L_VLDL_C,0.02815070708879835,0.010028892654114344,0.005001134973192145,1.0285506826205273,1.0085302545205406,1.048968538105077,82063,NA,0.02069331896093277,positive
deprLostWeight,M_LDL_FC_pct,-0.027272664646739563,0.009759567969634664,0.005198742161461521,0.9730958765047403,0.9546586682188143,0.9918891603815504,82045,NA,0.021290826973277135,negative
deprTired,ApoB_by_ApoA1,0.02130311747736544,0.007624783702823072,0.005207163181597446,1.0215316488094375,1.0063787998596072,1.03691265124514,76286,NA,0.021290826973277135,positive
deprLostWeight,L_VLDL_P,0.02767043359339812,0.009948146195138815,0.005411394520201713,1.0280568155941034,1.0082055495357591,1.0482989471503619,81987,NA,0.021995727137996374,positive
deprGainWeight,S_LDL_CE,-0.028581313977086853,0.010285364065124132,0.005455448423870329,0.9718232681182636,0.9524281312872959,0.9916133652830713,82135,NA,0.022045116145581273,negative
deprLostWeight,S_HDL_PL,0.02793574429098069,0.010123675402676014,0.005789930300347752,1.0283296062505427,1.0081261801162509,1.0489379206176912,82136,NA,0.023260708357792422,positive
deprLossOfInterestEver,VLDL_P,0.020434458592867494,0.007435022673787473,0.0059885861015734725,1.0206446715630098,1.005879028203575,1.035627064867224,80659,NA,0.023919728301660517,positive
deprThoughtsOfDeath,ApoB_by_ApoA1,0.02605492748170975,0.00958389693481386,0.006555583151998245,1.0263973243453954,1.00729698366781,1.0458598452140417,77122,NA,0.025964982733049976,positive
deprLostWeight,L_VLDL_PL,0.027004660573386532,0.009937524316461796,0.006578839246734475,1.027372590897687,1.00755551283929,1.0475794406140901,82003,NA,0.025964982733049976,positive
deprGainWeight,M_LDL_C,-0.028190430371271058,0.010380498242242088,0.006613367526797099,0.9722032121536309,0.9526228471364163,0.9921860351796575,82142,NA,0.025964982733049976,negative
deprLostWeight,PUFA_by_MUFA,-0.02741135182584971,0.010143416819733464,0.0068845334975721605,0.9729609299405196,0.953808416678784,0.9924980264768695,82155,NA,0.026876907609165893,negative
deprLostWeight,XL_VLDL_FC,0.026572814040059536,0.009861419128605536,0.007046815698445551,1.026929019390175,1.0072707369312082,1.0469709604377093,81953,NA,0.027355896896774583,positive
deprGainWeight,S_LDL_L,-0.02764940764164802,0.010273154422169245,0.007114784659018003,0.9727293384995411,0.953338932779088,0.9925141347363952,82135,NA,0.027465453627829275,negative
deprLostWeight,XL_VLDL_PL,0.026397622976158434,0.00983358186776535,0.0072652251896783695,1.0267491263610027,1.0071492371577284,1.0467304442965915,81933,NA,0.027890392255931963,positive
deprLossOfInterestEver,S_VLDL_PL,0.02028483974937971,0.007569254175829986,0.007364428827261701,1.0204919753110415,1.0054639749218903,1.0357445892132866,80691,NA,0.028115029390264286,positive
deprLossOfInterestEver,Gly,-0.020723757207466307,0.007751578170739579,0.0075066788970573305,0.9794895041163137,0.9647205062511188,0.9944846019726759,80647,NA,0.028491065039337064,negative
deprLossOfInterestEver,M_VLDL_FC,0.020164564259814513,0.007547287626807639,0.007545390596524867,1.020369242520135,1.0053863349322687,1.0355754349408923,80709,NA,0.028491065039337064,positive
deprLostWeight,L_VLDL_TG,0.026545998290863425,0.009949122554232078,0.0076264563641321005,1.0269014818883697,1.007070597553149,1.0471228691083658,81953,NA,0.02864065949790914,positive
deprLostWeight,M_VLDL_TG,0.026719324686862448,0.010022632444985342,0.007678278256570606,1.0270794864472703,1.007100051787832,1.0474552847138816,82030,NA,0.02867940689346102,positive
deprLostWeight,S_HDL_L,0.0271711013258818,0.010204969154511216,0.007755419259504481,1.0275436017960053,1.0071951231846985,1.048303183054916,82142,NA,0.02881179950708385,positive
deprGainWeight,M_LDL_P,-0.026983988216883924,0.010250596230123615,0.008477621844396306,0.9733768268982042,0.954015694102541,0.9931308813883934,82130,NA,0.03132639943571042,negative
deprGainWeight,Omega_6_by_Omega_3,0.025967778872249894,0.009894058746686625,0.008675513255309544,1.0263078791433946,1.006597089288063,1.0464046379637229,82011,NA,0.03188712584797285,positive
deprGainWeight,S_VLDL_PL,-0.02706928376263229,0.010375373334881163,0.009080891169407515,0.9732938057312532,0.9537010556494653,0.9932890675367029,82098,NA,0.033200506868045467,negative
deprLossOfInterestEver,M_VLDL_L,0.019338372462359633,0.0074194453344355316,0.009148764995060446,1.0195265699740959,1.0048077800709891,1.0344609660662754,80672,NA,0.03327261374519352,positive
deprGainWeight,M_LDL_PL,-0.02714633098167634,0.010441181861672219,0.0093243063987018,0.973218819039004,0.953504583019357,0.9933406578208818,82141,NA,0.03373348545289499,negative
deprGainWeight,S_HDL_C_pct,0.0250385343456559,0.009693348066882402,0.009792727484052882,1.0253546311329422,1.0060578471228632,1.0450215388632393,82104,NA,0.03524361818479449,positive
deprGainWeight,S_LDL_P,-0.0264406524349291,0.010246615164636338,0.009867793773445025,0.9739058410607311,0.9545416339632281,0.9936628780811763,82130,NA,0.03532976941684203,negative
deprGainWeight,DHA_pct,0.025334236192595325,0.009849307738354266,0.010105903462991606,1.0256578752238454,1.0060478076118928,1.0456501858553002,82054,NA,0.03599576955117113,positive
deprLossOfInterestEver,M_VLDL_PL,0.019198847160410277,0.0074955662443627925,0.01042631097303338,1.019384330144833,1.004517711548971,1.0344709710916542,80696,NA,0.036946568627518286,positive
deprLossOfInterestEver,VLDL_CE,0.01923453223950782,0.007579110671244335,0.01115405625202625,1.0194207076043476,1.004389079240846,1.0346772984409867,80699,NA,0.03932373913341907,positive
deprGainWeight,M_HDL_CE,0.02550125930867643,0.010088858798604187,0.011482372464484478,1.0258291981052408,1.0057435272307205,1.0463159992516013,82147,NA,0.04027573285765876,positive
deprGainWeight,M_HDL_TG,-0.02499699749617849,0.009897556612616482,0.01155099218906408,0.9753128404044669,0.9565748793241686,0.9944178518778247,82072,NA,0.04031179597294585,negative
deprGainWeight,XL_VLDL_TG_pct,-0.02883268410425548,0.01143054187327899,0.011654881447996453,0.9715790114804684,0.9500539123307845,0.9935917986312123,81052,NA,0.04046996522897261,negative
deprGainWeight,S_VLDL_PL_pct,0.025481656173987576,0.010146318464913972,0.012024690479188907,1.0258090888344056,1.0056105525088805,1.0464133298024245,82154,NA,0.041545305605597674,positive
deprLossOfInterestEver,M_VLDL_P,0.018783608846849133,0.007484543191906247,0.012084973272330055,1.0189611305851296,1.0041223779105972,1.0340191678665782,80692,NA,0.041545853388955556,positive
deprGainWeight,S_LDL_PL_pct,0.025445747395874636,0.010177063556530764,0.01240869581499595,1.0257722539448004,1.0055138484391386,1.0464388119530545,82079,NA,0.04244756835723862,positive
deprLostWeight,TG_by_PG,0.02423282369123677,0.009766295631478225,0.013091489123578565,1.0245288247072721,1.0051038648229582,1.0443291976008413,82057,NA,0.04456265509553098,positive
deprGainWeight,S_VLDL_CE,-0.02589177371279239,0.010471060922852089,0.01340973251213353,0.9744405439843586,0.9546456512937919,0.9946458903087946,82084,NA,0.04528831710371439,negative
deprLostWeight,XXL_VLDL_P,0.02391657154144308,0.009674967754965442,0.01343575254162294,1.024204866492874,1.0049659242745272,1.043812116619718,81790,NA,0.04528831710371439,positive
deprGainWeight,M_VLDL_FC,-0.025450529742862226,0.010308117832018932,0.01354990492646747,0.9748706048723563,0.9553720428566721,0.9947671206731887,82118,NA,0.04545138011742244,negative
deprSleep1,XS_VLDL_CE_pct,0.01763950757569293,0.007159710125295688,0.013750420222014075,1.017796002499723,1.0036129868888015,1.032179451877891,77126,NA,0.045901161224211236,positive
deprGainWeight,S_HDL_CE,-0.02494085589969999,0.010142110218539814,0.013927079425822986,0.975367597561456,0.9561701582880057,0.9949504720751333,82141,NA,0.04626736482328694,negative
deprGainWeight,M_HDL_C,0.02478310524026213,0.010109262172840921,0.014225244949448154,1.0250927591630858,1.0049813170934665,1.045606666527572,82145,NA,0.04703179071803193,positive
deprLossOfInterestEver,VLDL_C,0.018294673350733225,0.007489393236963445,0.014576056727715133,1.0184630460947404,1.0036220062749668,1.0335235474862563,80684,NA,0.04796216761357694,positive
deprLossOfInterestEver,VLDL_FC,0.017953285614333715,0.007388682060001766,0.015105656514731497,1.0181154146427611,1.00347750130302,1.032966853952605,80658,NA,0.04946923531601642,positive
